{
  "id": "1586282",
  "name": "heimatt",
  "font_family": "iconfont",
  "css_prefix_text": "icon-",
  "description": "",
  "glyphs": [
    {
      "icon_id": "6219264",
      "name": "清空",
      "font_class": "qingkong",
      "unicode": "e946",
      "unicode_decimal": 59718
    },
    {
      "icon_id": "1444358",
      "name": "cursor-default-outline",
      "font_class": "cursor",
      "unicode": "e6ea",
      "unicode_decimal": 59114
    },
    {
      "icon_id": "6681",
      "name": "1站式购物",
      "font_class": "xuhao",
      "unicode": "e600",
      "unicode_decimal": 58880
    },
    {
      "icon_id": "5387594",
      "name": "箭头_左上",
      "font_class": "jiantou",
      "unicode": "eb0c",
      "unicode_decimal": 60172
    },
    {
      "icon_id": "14421639",
      "name": "画笔",
      "font_class": "huabi",
      "unicode": "e676",
      "unicode_decimal": 58998
    },
    {
      "icon_id": "21049653",
      "name": "圆圈",
      "font_class": "yuanquan",
      "unicode": "e619",
      "unicode_decimal": 58905
    },
    {
      "icon_id": "22935911",
      "name": "矩形",
      "font_class": "juxing",
      "unicode": "e8e8",
      "unicode_decimal": 59624
    }
  ]
}
